nmsl,
hongkong,
ホンコン,
香港,
武汉,
武漢,
wuhan,
ブカン,
ウハン,
コロナ,
colona,
covid,
コビッド,
病毒,
ウイルス,
时代革命,
時代革命,
8964,
肺炎,
獨立,
独立,
virus,
課金代行,
光复,
光復,
ツール,
黨,
党,
hack,
anal,
ass,
bitch,
blowjob,
bullshit,
casino,
chink,
clit,
cock,
coon,
cum,
cunt,
dick,
dildo,
dyke,
fag,
fuck,
handjob,
hitler,
homo,
jap,
jizz,
kaffir,
kunt,
lesbo,
manko,
masturbate,
molest,
nazi,
negro,
nigger,
paedo,
paki,
pecker,
pedo,
penis,
poof,
pussy,
queer,
quoカード,
rape,
rapist,
rmt,
sc,
scrotum,
seo自動,
sex,
slag,
slut,
spastic,
spaz,
sperm,
spunk,
tits,
twat,
vagina,
varchar,
vulva,
wank,
wetback,
whor,
wog,
アダルト,
アナル,
アヌス,
アフィリエイト,
アホ,
アメ公,
アルバイト,
アンポンタン,
イテマウゾ,
イラマチオ,
インポ,
ウンコ,
エイズ,
エクササイズ,
エッチ,
エロイ女,
エロ動画,
エンコウ,
オークション,
オマトメローン,
オマンコ,
オリゴ,
オ花畑,
ガイジ,
カジノ,
カス,
カタワ,
キチガイ,
キャッシ,
キョウジン,
クーリー,
クソ,
グラビア,
クリニック,
クロンボ,
ゲス,
コスメ,
サイト比較,
サクラ,
サプリ,
サラ金,
ジャップ,
シンヘイミン,
スカトロ,
スタービーチ,
スピリチュアル,
スベタ,
スリム,
スワッピング,
セックス,
セフレ,
セムシ,
セルフヌード,
センズリ,
ゼンラ,
チエオクレ,
チェンメ,
チジョ,
チャh,
チャンコロ,
チョッパリ,
チョン,
チンコ,
チンチン,
チンバ,
チンポ,
ツンボ,
テクノストレス,
デブ,
デリヘル,
テレウェイヴ,
ドカタ,
トサツ,
ドモリ,
ナチス,
ナンパ,
ニガー,
ニグロ,
ニダ,
ニンピニン,
バイブ,
ハクチ,
パチスロ,
ハッピーメール,
ハッピーライフ,
ハメドリ,
ハメ撮,
ハリジャン,
ビッコ,
ビッチ,
ヒニン,
ビューティ,
ファシスト,
ファック,
ファビョ,
ブウヨ,
フェラ,
ブサイク,
ブサヨ,
ブッカケ,
プレゼン,
フロウシャ,
プロ市民,
プロ奴隷,
ペニス,
ポーカー,
ボケ,
ホスト,
ホテヘル,
ポルノ,
ボンデージ,
ポンビキ,
マーチャント,
マイミク,
マヌケ,
マンコ,
メクラ,
メル友,
ヤリマン,
ヨリメ,
ラブホ,
リア友,
リョウジョク,
レイジョウ,
レイプ,
レズ,
レスヲコピ,
ローション,
ワキガ,
阿片,
愛液,
愛人,
慰安,
淫,
隠坊,
英会話,
円光,
援助,
王丹,
億万長者,
下着,
下流,
家出,
火病,
稼イ,
稼グ,
稼ゲ,
花粉,
会エル,
会員募集,
海豹,
姦,
官能,
感染,
換金,
還政於民,
顔射,
奇形児,
寄生虫,
帰化人,
逆援,
競馬,
強制堕胎,
強制斷種,
矯正,
驚異,
携帯サイト,
激流中國,
月収,
健康器具,
犬食イ,
見放題,
現金,
胡耀邦,
交際,
工作員,
高額,
合法,
告ラレレス,
国服,
在宅,
殺ス,
三国人,
子校,
子大,
指マン,
支那,
歯科,
自動相互,
自閉症児,
射精,
社會,
謝礼,
出会,
出版,
春畫,
処女,
商材,
小遣,
小児病,
小日本,
消費者金融,
証拠金,
辱,
尻軽,
心障児,
心障者,
人體實驗,
性感,
性器,
性交,
性病,
性癖,
整体,
精液,
精神異常,
精神分裂,
精力,
接写,
占中,
占イ,
尖閣諸島,
賎民,
鮮人,
操,
走私,
即金,
族淨化,
多重債務,
待チ合,
大紀元時報,
大法弟子,
脱毛,
知障,
池沼,
痴,
着エロ,
中出シ,
低学歴,
低脳,
提携,
天安門,
賭博,
盗撮,
頭オカシイ,
童貞,
特亜,
毒品,
南京,
肉棒,
日給,
日服,
日和見,
破産,
馬鹿,
買賣人口,
売女,
白豚,
爆乳,
蛮啾,
彼女募集,
非洲,
美容,
不可触民,
風俗,
副業,
副収入,
分際,
文通,
文盲,
便秘,
包茎,
宝クジ,
法輪功,
法輪大法,
北京之春,
本番,
万円,
無修正,
無理ヤリ,
無料動画,
毛唐人,
毛髪,
儲カ,
儲ケ,
訳アリ,
友達紹介,
誘拐,
遊進,
裸,
乱交,
李洪志,
裏ビデオ,
裏ワザ,
裏情報,
露出,
六合彩,
六四,
倭人,
和平演變,
傴僂,
咥,
喘ギ,
專制,
屏蔽,
癩病,
穢多,
聊,
肅清,
腋臭,
膣,
舐,
趙紫陽,
魏京生,
69,
0fficial,
0peration,
acc0unt,
account,
adm1n,
admin,
admln,
ahen,
akimekura,
anaru,
anusu,
asaharasyoukou,
av監督,
av女優,
av男優,
bba,
bikko,
boob,
c0caine,
cannabis,
cheat,
chieokure,
chinchin,
chinpo,
clit0ris,
clitoris,
cocaine,
cojiki,
condom,
cunni,
cust0mer,
customer,
deepthr0at,
deepthroat,
dqn,
emulator,
fellati0,
fellatio,
gachame,
gamemaster,
gatyame,
gm,
gスポット,
handj0b,
heroin,
hijack,
houkei,
hガ,
hサ,
hシ,
hナ,
hニ,
hノ,
hヲ,
h画,
h系,
h好,
h写,
h声,
inpo,
isil,
isis,
jiheis,
jisatsu,
jisatu,
katawa,
kojiki,
lineid,
line教,
line交,
lsd,
marijuana,
masturbation,
matumototiduo,
mdma,
mekura,
menhera,
miyazakitsutomu,
miyazakitutomu,
monmou,
m女,
m嬢,
m娘,
narcotic,
natgames,
nihonnsekigunn,
npc,
obutu,
official,
onani,
operati0n,
operation,
opium,
oppai,
pw教,
r00t,
raibyou,
reipu,
rise,
ronpari,
root,
sakakibaraseito,
security,
seihakusha,
seihakusya,
seishinb,
seisinb,
service,
shashi,
shasi,
shikimou,
sikimou,
staff,
sugame,
supp0rt,
support,
syashi,
syasi,
s女,
s嬢,
s娘,
terro,
tieokure,
tunbo,
v女,
webmaster,
yabunirami,
yorime,
アールエムティ,
アイノコ,
アオカン,
アカウント,
アカ買,
アカ売,
アクメ,
アサダチ,
アサハラショウコウ,
アシイレコン,
アシコキ,
アスホール,
アドミン,
アナニー,
アバズレ,
アフォ,
アヘン,
アルカイダ,
ア一ルエムティ,
イアンフ,
イアンプ,
イスラーム国,
イスラム国,
イタ公,
イマラチオ,
イメージクラブ,
インケイ,
インモウ,
ヴァギナ,
ウェブマスター,
ウジムシ,
ウジ虫,
ウンエイ,
ウンチ,
ウンヨウ,
エスキモ,
エネマグラ,
エホバノ証人,
エミュ,
エムデイエムエ,
エルエスディ,
エルエスデイ,
エンジョ,
オウム真理教,
オーガズム,
オシッコ,
オジロク,
オットイ嫁ジョ,
オッパイ,
オトナノオモチャ,
オナガ,
オナケイ,
オナゴエ,
オナシャ,
オナズキ,
オナニ,
オナホ,
オナ画,
オナ系,
オナ好,
オナ写,
オナ声,
オナ二,
オブツ,
オペレーション,
オメコ,
オワイ屋,
オンボウ,
カイハツ,
カイマス,
カウパー,
カクセイザイ,
カサッカキ,
ガチャメ,
ガチャ目,
ガマンジル,
ガマンヂル,
ガマン汁,
ガンシャ,
ガンジャ,
ガンメンキジョウ,
カンリ,
キショイ,
キジルシ,
キモイ,
ギョウシャ,
キンタマ,
クズ,
クタバレ,
クリトリス,
クンニ,
ケイサツ,
ゲームマスター,
ゲームマスタ一,
ケツゲ,
ケツ毛,
ケトウ,
ゲ一ムマスター,
ゲ一ムマスタ一,
ゴウカン,
コウシキ,
コカイン,
コジキ,
コンドーム,
サービス,
ザーメン,
サカキバラセイト,
ザコ,
サポート,
サポ一ト,
シキモウ,
シコオ,
シコシコ,
ジサツ,
ジジィ,
ジジイ,
シックスナイン,
ジヘイショウ,
シャイン,
シャシ,
シャブ,
ショウガイシャ,
ジョウフ,
ショウベン,
ショーガイシャ,
ショジョ,
ジョセイキ,
ションベン,
シラッコ,
シリガル,
シンショウ,
シンナ,
スガメ,
スケベ椅子,
スタッフ,
スペルマ,
スマタ,
セイショクキ,
セイシンハクジャク,
セイシンビョウ,
セイハクシャ,
セキュリティ,
ソープランド,
ソープ嬢,
ダイベン,
ダッチワイフ,
タヒネ,
ダンセイキ,
タントウ,
チート,
チカン,
チクショウ,
チクニー,
チクビ,
チショウ,
チト買,
チト売,
チョウインボウ,
チンゲ,
チン毛,
チ一ト,
テイノウ,
ディルド,
ティンコ,
ティンポ,
デカチン,
デカマラ,
テコキ,
テマン,
デリバリーヘルス,
テロ,
トウゴウシッチョウショウ,
トウサツ,
トウシツ,
トウチョウ,
ドウテイ,
ドジ,
ドピュ,
トルコ嬢,
トルコ風呂,
ナットゲームス,
ナツトゲームス,
ニクベンキ,
ニクボウ,
ニコヨン,
ニホンセキグン,
ハイジャック,
バイシュン,
パイズリ,
パイパン,
バカ,
バギナ,
ハゲ,
パスワード,
パス教,
バター犬,
ババァ,
ババア,
パン助,
ビーチク,
ピストン,
ピンクサロン,
ピンサロ,
ピンロー,
ブス,
ペチャパイ,
ペニバン,
ヘロイン,
ペ二ス,
ホウケイ,
ボッキ,
ホ別,
マスターベーション,
マツモトチヅオ,
マヤク,
マリファナ,
マンゲ,
マンジル,
マンチョ,
マンヂル,
マンマン,
マン汁,
マン毛,
ミヤザキツトム,
メアド教,
メアド交,
メカケ,
メスドレイ,
メッカチ,
メンチョ,
メンヘラ,
モルモン教,
モンモウ,
ヤブニラミ,
ヤリチン,
ヤリトモ,
ライビョウ,
ラインid,
ライン教,
ライン交,
ライ病,
ラブドール,
ランコウ,
リトルペブル同宿会,
リンカン,
ローター,
ロスケ,
ロンパリ,
ワーキングプア,
ワープア,
ワイセツ,
ワギナ,
ㄘンコ,
ㄘンポ,
ㄘンㄘン,
唖者,
阿含宗,
阿婆擦レ,
阿保,
愛汁,
一生懸命塾,
一発ヤラセロ,
陰核,
陰茎,
陰唇,
陰嚢,
陰毛,
陰梃,
隠亡,
右翼,
運営,
運用,
園校,
援交,
汚物,
沖仲仕,
下僕,
我慢汁,
貝合ワセ,
外人,
覚セイ剤,
覚醒剤,
兜合ワセ,
間ノ子,
間抜ケ,
顔騎,
顔面騎乗,
企画,
危険ドラッグ,
基地外,
奇乳,
寄リ目,
鬼畜,
亀頭,
菊門,
脚コキ,
宮崎勤,
窮民,
巨根,
巨乳,
魚釣島,
狂女,
狂人,
業者,
業病,
玉ナメ,
金玉,
苦力,
屑,
警察,
決済,
嫌韓,
顕正会,
顧客,
後進国,
乞食,
交尾,
公式,
垢買,
垢売,
幸福ノ科学,
幸福会ヤマギシ会,
江戸ノ友,
黒人,
左翼,
細民,
殺シ,
殺セ,
殺ソ,
殺ル,
殺害,
殺人,
雑魚,
子宮,
市ネ,
支払イ,
氏ネ,
自慰,
自殺,
自閉症,
失禁,
斜視,
社員,
手コキ,
手マン,
酒鬼薔薇聖斗,
受精,
受胎,
受乳,
授精,
授胎,
授乳,
醜男,
汁男優,
銃乱射,
女傑,
女子供,
女汁,
女郎,
升,
娼婦,
小便,
床オナ,
松本智津夫,
消エテクダ,
消エロ,
障害者,
情夫,
情婦,
植物人間,
色盲,
尻穴,
新平民,
神慈秀明会,
人体解剖,
人体実験,
人非人,
人民寺院,
崇教真光,
世界救世教,
生殖器,
生長ノ家,
生理,
精子,
精汁,
精神薄弱,
精神病,
精薄者,
西ドイツ,
逝ッテヨシ,
絶倫,
先走リ汁,
前戯,
前立腺,
粗チン,
素マタ,
素股,
創価,
挿入,
早漏,
足コキ,
足入レ婚,
足入婚,
堕胎,
大山ネズノ命神示教会,
大人ノオモチャ,
大日本帝国,
大便,
大麻,
第三国,
脱法ハーブ,
担当,
男根,
男汁,
男娼,
知恵遅レ,
地下鉄サリン,
恥丘,
遅漏,
畜生,
竹島,
中ダシ,
張形,
朝ダチ,
朝鮮征伐,
朝勃チ,
潮フキ,
潮吹,
低開発国,
低能,
天華ノ救済,
電マ,
電動コケシ,
屠殺,
屠役,
土人,
奴隷,
東ドイツ,
盗聴,
糖質,
統一教会,
統合失調症,
同和地区,
特殊学級,
禿,
独島,
南鮮,
肉芽,
肉穴,
肉壷,
肉便器,
肉壺,
日華事変,
日華戦争,
日本赤軍,
乳首,
乳袋,
乳輪,
尿道,
廃疾,
買イマス,
買春,
売リマス,
売春,
白濁液,
白濁汁,
半島人,
犯ス,
犯ル,
非人,
微乳,
美乳,
膝行,
表日本,
貧乳,
部落,
糞,
片手落チ,
穂別,
北鮮,
勃起,
麻原彰晃,
麻薬,
満州,
未開国,
夢精,
明盲,
毛唐,
盲人,
靖国参拝,
遊女,
揺頭丸,
裏日本,
立チンボ,
立チン坊,
霊波之光,
聾,
喘グ,
猥褻,
畸形児,
眇,
肛門,
藪睨ミ,
蛆虫,
跛,
躄,
鴉片,
aids,
gamemater,
omeko,
otinko,
piss,
sf募集,
smプレイ,
sm調教,
suck,
アイエキ,
アイヌ犬,
アイヌ人,
アエギゴエ,
アシズリ,
アドミニスト,
アナウンス,
アナキョウダイ,
アル中,
ウソコ,
オーラルプレイ,
オシリノアナ,
オシリノ穴,
オチソコ,
オナクラ,
オナペット,
オマソコ,
オ尻ノアナ,
オ尻ノ穴,
オ知ラセ,
ガイ児,
カツギ屋,
ガバマン,
ガメオン,
カリクビ,
カリ首,
カワカブリ,
キクビラカイテン,
ギッチョ,
キモオタ,
キ印,
クグリイス,
クグリ椅子,
クサマン,
クスコ,
クミトリ屋,
クワエコム,
ケチャマン,
ケツノアナ,
ケツノ穴,
ゴミ屋,
ゴム尺,
コロスゾ,
サキバシリジル,
サンゴクジン,
シネ,
ジーエム,
ジースポット,
シジュウハッテ,
ジャンキー,
ショクブツニンゲン,
スケコマシ,
ズリネタ,
セイジョウイ,
セガ,
ゼンリツセンマッサージ,
ダウン症,
タコ部屋,
ダッチマン,
タマキン,
ダメオン,
チェリーボーイ,
チカメ,
チソコ,
チブサ,
ツボ洗イ,
ディープスロート,
デムパ,
ドザエモン,
ドサ回リ,
ドヤ街,
ドン百姓,
ニート,
ニクツボ,
ニョタイモリ,
ヌレヌレ,
ネコババ,
バクロウ,
バタ屋,
ハナビラダイカイテン,
パパ募集,
ハミ毛,
バルトリン腺液,
ハントウジン,
パンマ,
ピグミー,
ヒッキー,
ヒモ,
プッシー,
ペイ患,
ペイ中,
ペッティング,
ペニパン,
ベロ射,
ポコチン,
ポコペン,
ホンボシ,
ポン引キ,
マエツキ,
マスヲカク,
ヤリニゲ,
ヤンキー,
ユルマン,
ロウア者,
ロウシャ,
ロウ者,
ロリコン,
ワカメザケ,
ワカメ酒,
阿呆,
愛撫,
按摩,
引カレ者,
飲尿,
羽目鳥,
越後ノ米ツキ,
下男下女,
河原者,
花ビラ回転,
花ビラ大回転,
過去帳,
核爆弾,
竿姉妹,
顔面発射,
寄セ場,
既知外,
気違イ,
亀甲シバリ,
菊ヒラ回転,
菊ビラ回転,
汲ミ取リ屋,
胸射,
興信所,
玉金,
緊縛,
近目,
群盲象ヲナデル,
穴兄弟,
月経,
犬取リ,
元気汁,
後背位,
公娼,
口内発射,
拘束プレイ,
紅毛人,
香具師,
黒ンボ,
雑役夫,
三韓征伐,
三助,
山窩,
産婆,
四十八手,
死,
失聴者,
尺レ,
尺八,
取締役,
手ン棒,
首切リ,
周旋屋,
出稼ギ,
出戻リ,
女給,
女工,
女体盛リ,
上方ノ贅六,
職工,
尻ズリ,
身元調査,
人夫,
数ノ子天井,
性行為,
正常位,
生セラ,
生娘,
精器,
逝ッテコイ,
舌技,
先走汁,
素又,
即ハメ,
即尺,
足摺,
蛸部屋,
朝起チ,
朝立チ,
超根,
土右衛門,
土左衛門,
土方,
同性愛者,
特殊学校,
南部ノ鮭ノ鼻マガリ,
難聴者,
肉ツボ,
肉坪,
濡レ濡レ,
脳膜炎,
馬丁,
抜キキャバ,
蛮族,
皮カブリ,
被曝者,
被爆者,
避妊,
片端,
片目,
泡姫,
泡踊リ,
北朝鮮,
未開人,
未開発国,
盲縞,
盲蛇ニ怖ジズ,
盲判ヲ押ス,
盲滅法,
蒙古症,
目クラ,
目盲,
裏筋,
露助,
拉致,
睾丸,
矮小,
ウーハン,
ジダイカクメイ,
ハイエン,
ドクリツ,
カキンダイコウ,
ハッキング,
ハック,
ヒトラー,
ホモ,
レイピスト,
アールエムティー,
アメコウ,
エロイオンナ,
エロドウガ,
マトメローン,
サラキン,
ヌード,
プロシミン,
プロドレイ,
アイジン,
イアン,
ミダラ,
オウタン,
シタギ,
カビョウ,
ヒビョウ,
カイインボシュウ,
カンノウ,
カンセン,
カンキン,
キケイジ,
キセイチュウ,
ギャクエン,
ケイバ,
キョウセイダタイ,
キョウセイダンシュ,
キョウセイ,
キョウイ,
ケイタイサイト,
ゲキリュウチュウゴク,
イヌグイ,
ミホウダイ,
コヨウホウ,
コウサクイン,
コロス,
ユビマン,
シナ,
ジヘイショウジ,
シャセイ,
デアイ,
シュンガ,
ショウザイ,
コヅカイ,
ショウニビョウ,
ショウニホン,
ショウヒシャキンユウ,
ショウコキン,
シンショウシャ,
ジンタイジッケン,
セイカン,
セイキ,
セイコウ,
セイビョウ,
セイヘキ,
セイエキ,
セイシンイジョウ,
セイシンブンレツ,
セッシャ,
センカクショトウ,
センミン,
センジン,
タジュウサイム,
ダイキゲンジホウ,
チャクエロ,
ナカダシ,
テイガクレキ,
テンアンモン,
トバク,
アタマオカシイ,
トクア,
ナンキン,
ニッキュウ,
シロブタ,
バクニュウ,
カノジョボシュウ,
フカショクミン,
フウゾク,
ベンピ,
タカラクジ,
ホウリンコウ,
ホウリンタイホウ,
ホンバン,
ムシュウセイ,
ムリヤリ,
ムリョウドウガ,
ケトウジン,
ユウカイ,
ハダカ,
ウラビデオ,
ロシュツ,
ワジン,
アエギ,
ハンセンビョウ,
エタ,
ドキュン,
ハンドジョブ,
エムオンナ,
エムジョウ,
エムムスメ,
ナットゲームズ,
イスラームコク,
イスラムコク,
イタコウ,
エホバノショウニン,
オウムシンリキョウ,
オットイヨメジョ,
オナスキン,
オワイヤ,
スケベイス,
ソープジョウ,
トルコジョウ,
トルコブロ,
バターケン,
パンスケ,
ホベツ,
モルモンキョウ,
リドルペブルドウシュクカイ,
アシャ,
アゴンシュウ,
アイジル,
イッパツヤラセロ,
インカク,
インシン,
インノウ,
インテイ,
ウヨク,
オキナカセ,
ゲボク,
グアワセ,
ガイジン,
カブトアワセ,
キケンドラッグ,
キチク,
キトウ,
キクモン,
キュウミン,
キョコン,
キョニュウ,
ウオツリジマ,
ゴウビョウ,
タマナメ,
ケンカン,
ケンショウカイ,
コウシンコク,
コウビ,
コウフクノカガク,
エドノトモ,
コクジン,
サヨク,
サイミン,
コロシ,
コロセ,
コロソ,
サツガイ,
サツジン,
シキュウ,
シハライ,
シッキン,
ジュセイ,
ジュタイ,
ジュニュウ,
ブオトコ,
シルダンユウ,
ジュウランシャ,
ジョケツ,
オンナジル,
ジョロウ,
ショウフ,
ユカオナ,
マツモトチズオ,
キエテクダ,
キエロ,
シンジシュウメイカイ,
ジンタイカイボウ,
ジンミンジイン,
スウキョウマヒカリ,
セカイキュウセイキョウ,
セイチョウノイエ,
セイシ,
セイジル,
ニシドイツ,
イッテヨシ,
ゼツリン,
ゼンギ,
ゼンリツセン,
ソチン,
ソウカ,
ソウニュウ,
ソウロウ,
ダタイ,
オオヤマネズノミコトシンジキョウカイ,
ダイニッポンテイコク,
タイマ,
ダイサンゴク,
ダッポウハーブ,
ダンコン,
オトコジル,
ダンショウ,
チカテツサリン,
チロウ,
タケシマ,
ハリカタ,
チョウセンセイバツ,
シオフキ,
テイカイハツコク,
テンカノキュウサイ,
デンマ,
デンドウコケシ,
ドジン,
ドレイ,
ヒガシドイツ,
トウイツキョウカイ,
ドウワチク,
トクシュガッキュウ,
ドクト,
ナンセン,
ニクゲ,
ニクアナ,
ニッカジヘン,
ニッカセンソウ,
チチブクロ,
ニュウリン,
ニョウドウ,
ハイシツ,
ウリマス,
ハクダクエキ,
ハクダクジル,
オカス,
ビニュウ,
イザリ,
オモテニホン,
ヒンニュウ,
ブラク,
カタテオチ,
ホクセン,
マンシュウ,
ミカイコク,
ムセイ,
モウジン,
ヤスクニサンパイ,
アソビメ,
ヤオトウワン,
ウラニホン,
タチンボ,
タチンボウ,
レイハノヒカリ,
アエグ,
コウモン,
オチンコ,
アイヌジン,
アルチュウ,
カツギヤ,
クミトリヤ,
ゴミヤ,
ゴムシャク,
ダウンショウ,
タコベヤ,
ツボアライ,
ドヤガイ,
ドンビャクショウ,
バタヤ,
パパボシュウ,
ハミゲ,
バルトリンセンエキ,
ペイカン,
ペイチュウ,
ベロシャ,
ロウア,
アイブ,
インニョウ,
ゲナンゲジョ,
カワラモノ,
ハナビラカイテン,
カコチョウ,
カクバクダン,
サオシマイ,
ガンメンハッシャ,
ヨセバ,
キッコウシバリ,
キクヒラカイテン,
キョウシャ,
コウシンジョ,
キンバク,
グンモウゾウヲナデル,
ゲッケイ,
イヌトリ,
ゲンキジル,
コウハイイ,
コウショウ,
コウナイハッシャ,
コウソクプレイ,
コウモウジン,
ザツエキフ,
サンカンセイバツ,
サンスケ,
サンカ,
サンバ,
シャクハチ,
テンボウ,
クビキリ,
シュウセンヤ,
ジョキュウ,
ジョコウ,
カミガタザイロク,
シリズリ,
ミモトチョウサ,
ニンプ,
カズノコテンジョウ,
セイコウイ,
ナマセラ,
キムスメ,
ソクハメ,
ソクシャク,
チョウコン,
ドウセイアイシャ,
ナンチョウシャ,
ノウマクエン,
ヌキキャバ,
バンゾク,
ヒバクシャ,
アワヒメ,
アワオドリ,
キタチョウセン,
ミカイジン,
ミカイハツコク,
モウコショウ,
ラチ,
コウガン,
ワイショウ,
オニダイコン,
沢民,
泽民,
習近平,
习近平,
李克强,
栗战书,
ウイグル,
ジェノサイド,
新疆,
人権,
人权,
杨洁篪,
大量虐殺,
中出,
近平,
沢東,
澤東,
